product_id,product_name,category,brand,price,rating,num_reviews,discount_percent,availability,scraped_date,discounted_price
PROD_0001,HP Plus 8,Sports,Sony,320.47709448044867,1.6239780813448106,330,22.96244459829336,In Stock,2025-06-29 06:28:37.173834,246.88771921015535
PROD_0002,Dell Ultra 6,Sports,Apple,1446.7775568109812,4.754210836063001,385,9.091248360355031,In Stock,2025-06-25 06:28:37.174168,1315.2474158994182
PROD_0003,Apple Standard 9,Electronics,Nike,1227.5872604975352,1.5579754426081673,475,48.68777594207296,In Stock,2025-06-07 06:28:37.174292,629.9023256130637
PROD_0004,HP Ultra 7,Home & Garden,Dell,938.8581575634801,4.439761626945282,646,8.526206184364577,In Stock,2025-07-03 06:28:37.174408,858.8091752708914
PROD_0005,Samsung Plus 2,Clothing,Samsung,41.77284191822625,1.923575302488596,91,22.007624686980066,In Stock,2025-06-08 06:28:37.174518,32.57963164777753
PROD_0006,Dell Ultra 1,Home & Garden,Apple,1328.419345864424,2.246844304357644,389,10.397083143409441,In Stock,2025-06-08 06:28:37.174623,1190.302481981764
PROD_0007,HP Max 2,Clothing,LG,1854.0511429296505,3.9090879834256835,270,4.424625102595975,In Stock,2025-06-12 06:28:37.174728,1772.0163306446175
PROD_0008,LG Standard 2,Sports,Dell,719.9391201202427,2.123738038749523,379,13.799959101127168,In Stock,2025-06-24 06:28:37.174864,620.5878159906345
PROD_0009,Samsung Pro 7,Electronics,Dell,795.8142211693837,2.1739526988721525,62,40.77307142274171,In Stock,2025-07-04 06:28:37.174981,471.3363203796552
PROD_0010,Nike Pro 5,Clothing,HP,1305.6432807488695,4.659838702175123,200,31.164906341377897,In Stock,2025-06-21 06:28:37.175087,898.7407751509907
PROD_0011,HP Standard 3,Home & Garden,Dell,556.6963680502276,3.2449737033908046,738,5.9797122969150855,In Stock,2025-07-06 06:28:37.175241,523.4075268734485
PROD_0012,Sony Max 7,Books,Samsung,1424.2191504747168,1.4435632832473253,891,5.394571349665222,In Stock,2025-06-30 06:28:37.175351,1347.3886322267624
PROD_0013,Samsung Plus 4,Sports,HP,1212.7905847628563,3.1593643652066925,540,11.439908274581123,In Stock,2025-06-10 06:28:37.175458,1074.0484543032294
PROD_0014,Nike Plus 2,Clothing,Sony,598.3110348170509,1.4219770393210824,795,40.18360384495573,In Stock,2025-06-07 06:28:37.175557,357.88809882551203
PROD_0015,LG Ultra 7,Home & Garden,Samsung,642.8269151940091,1.440207698110707,376,32.38450602706811,In Stock,2025-06-24 06:28:37.175656,434.65059409938925
PROD_0016,Samsung Ultra 7,Books,Samsung,974.8116430043766,3.7697441315610813,233,16.8807585701814,Out of Stock,2025-06-15 06:28:37.175767,810.2560430347892
PROD_0017,Dell Pro 4,Electronics,LG,1943.8463446147118,4.849789179768445,509,34.815213641989416,In Stock,2025-07-02 06:28:37.175891,1267.092086865098
PROD_0018,Samsung Pro 1,Clothing,Apple,827.9636565032803,1.1322029316021935,735,45.41329429833269,In Stock,2025-07-05 06:28:37.176012,451.95808449220925
PROD_0019,Sony Plus 6,Home & Garden,HP,1525.6230345041479,1.9505501759695987,766,40.15698781899479,In Stock,2025-07-05 06:28:37.176114,912.9787783745385
PROD_0020,LG Ultra 1,Electronics,Adidas,1021.3155657140302,3.7832512271635275,770,29.54464715941209,In Stock,2025-06-18 06:28:37.176225,719.5714854396664
PROD_0021,Apple Ultra 3,Home & Garden,Dell,201.39133667192732,4.762093057958416,935,19.33676731502687,Out of Stock,2025-07-06 06:28:37.176327,162.44876250705437
PROD_0022,Nike Plus 9,Electronics,Apple,1850.1403003743399,4.509357413523924,610,11.427501089864982,In Stock,2025-06-21 06:28:37.176675,1638.7154973850309
PROD_0023,Samsung Plus 1,Clothing,Samsung,195.27450793373944,4.5888630318133075,36,44.13181715946698,In Stock,2025-06-28 06:28:37.176875,109.09631913337269
PROD_0024,Nike Ultra 3,Home & Garden,Dell,814.9711729731582,4.551080395043839,627,4.206998249752441,In Stock,2025-07-01 06:28:37.177029,780.6853499901905
PROD_0025,Dell Plus 3,Electronics,Nike,1947.5910351430814,2.1356838989498628,877,27.436689468329305,In Stock,2025-06-21 06:28:37.177146,1413.2365307178538
PROD_0026,Sony Pro 4,Electronics,Adidas,482.12568411863214,2.301598792637071,915,18.323439229142995,In Stock,2025-07-04 06:28:37.177259,393.7836773810647
PROD_0027,Samsung Pro 3,Sports,Nike,1785.1726448024554,3.5245545039890516,225,17.503920384733785,In Stock,2025-06-22 06:28:37.177368,1472.6974463261872
PROD_0028,Dell Pro 5,Home & Garden,Sony,1003.3948259706572,3.2880167968367324,191,32.27361479535839,In Stock,2025-06-09 06:28:37.177484,679.5630449603306
PROD_0029,LG Standard 5,Books,Adidas,40.758666892446186,4.713274250350901,496,27.638248341774496,In Stock,2025-06-09 06:28:37.177604,29.493685315915286
PROD_0030,Samsung Plus 5,Electronics,Dell,975.7069498098682,2.490747468376197,734,42.21065703631557,Out of Stock,2025-06-23 06:28:37.177716,563.8546355461291
PROD_0031,Dell Max 6,Clothing,HP,1041.476008203836,4.509492287711822,784,42.43348974623372,In Stock,2025-06-15 06:28:37.177847,599.5413930531771
PROD_0032,Dell Standard 7,Clothing,Nike,519.8518177529716,3.446054843462722,827,25.56711994304689,In Stock,2025-06-24 06:28:37.177970,386.9406799819598
PROD_0033,Adidas Pro 8,Home & Garden,Nike,682.6103621345562,2.502331810559776,833,21.923706150904348,In Stock,2025-06-18 06:28:37.178082,532.956872184552
PROD_0034,Samsung Max 6,Clothing,Apple,70.69549737870835,1.1493927549968577,837,15.163275733661141,In Stock,2025-07-02 06:28:37.178197,59.97574417989162
PROD_0035,Samsung Standard 5,Home & Garden,LG,112.84662512552931,3.125418526272592,46,34.97561053835969,In Stock,2025-06-21 06:28:37.178305,73.37782901594143
PROD_0036,Sony Max 3,Electronics,Dell,548.9561800115277,2.7558856828225444,950,12.54302636733306,In Stock,2025-06-07 06:28:37.178414,480.1004616075775
PROD_0037,HP Pro 5,Electronics,Apple,1831.2753179766962,2.7694089189244178,95,27.461333235306025,In Stock,2025-06-29 06:28:37.178522,1328.3827004512057
PROD_0038,Sony Standard 1,Sports,HP,1317.651543715332,2.742691594711564,860,20.980003121389494,In Stock,2025-06-21 06:28:37.178628,1041.2082087148185
PROD_0039,Nike Standard 6,Electronics,Sony,240.98455460876332,1.184010568087011,93,42.77302920055036,In Stock,2025-06-25 06:28:37.178736,137.90816069714074
PROD_0040,Dell Max 5,Home & Garden,Samsung,934.7008877498267,3.5990947305710534,761,30.792504902610823,In Stock,2025-07-05 06:28:37.178859,646.8830710647144
PROD_0041,Adidas Max 3,Clothing,Dell,1714.4147839647612,3.63477452647578,515,30.792558219495692,Out of Stock,2025-07-05 06:28:37.178973,1186.5026134887707
PROD_0042,Samsung Plus 4,Home & Garden,Apple,1151.0004129271472,1.5140014129356407,956,27.280839465796745,Out of Stock,2025-07-04 06:28:37.179082,836.9978380258345
PROD_0043,Samsung Pro 8,Clothing,Nike,399.6243582306999,1.2774452035006618,606,18.862954161398793,In Stock,2025-06-19 06:28:37.179196,324.2433987198589
PROD_0044,Nike Pro 8,Sports,Apple,1366.4112012558517,2.36249827785696,114,14.092738738669997,In Stock,2025-06-16 06:28:37.179299,1173.8464405669422
PROD_0045,Apple Standard 8,Home & Garden,Samsung,1608.9270514658488,2.128138290285226,393,21.173547115405928,In Stock,2025-07-04 06:28:37.179403,1268.260124171216
PROD_0046,Samsung Ultra 4,Clothing,Samsung,1555.0617918765738,2.3632141610120714,189,28.09333460718868,In Stock,2025-06-14 06:28:37.179507,1118.193079336144
PROD_0047,Sony Pro 3,Electronics,LG,1806.0802842923376,3.0210094897914286,879,19.480904310960174,In Stock,2025-06-18 06:28:37.179611,1454.23951233023
PROD_0048,Samsung Plus 9,Books,Adidas,716.2613290208141,4.827203540505826,734,47.53035734687781,In Stock,2025-06-22 06:28:37.179714,375.819759799725
PROD_0049,Dell Standard 5,Books,Adidas,664.0424452861328,3.6900738243081537,483,47.30972714408451,In Stock,2025-06-30 06:28:37.179834,349.88577630035667
PROD_0050,Sony Standard 7,Clothing,Sony,1476.7007580141076,3.1836630806599557,842,5.853350821380293,In Stock,2025-06-27 06:28:37.179937,1390.2642820655597
PROD_0051,Apple Plus 1,Sports,LG,177.37254416884488,3.80387652583648,169,19.832580097712594,Out of Stock,2025-07-05 06:28:37.180049,142.19499227520808
PROD_0052,Sony Standard 5,Books,Dell,754.7988835546795,2.4825685882675637,499,11.834259684103937,Out of Stock,2025-06-24 06:28:37.180152,665.4740235821014
PROD_0053,Adidas Plus 6,Home & Garden,HP,968.5173060485895,2.511950360489018,166,21.211100462348814,Out of Stock,2025-06-30 06:28:37.180251,763.0841272673888
PROD_0054,LG Ultra 2,Home & Garden,LG,122.04351860685632,1.4752716650722877,828,41.139517593834654,In Stock,2025-07-04 06:28:37.180355,71.83540379745381
PROD_0055,Sony Plus 9,Home & Garden,Samsung,174.9537301697749,3.1134804851888367,116,48.161126972030566,In Stock,2025-06-24 06:28:37.180455,90.69404204040586
PROD_0056,Sony Standard 6,Sports,Nike,1839.0402734045322,2.0119606719569645,658,48.46512678095495,In Stock,2025-06-28 06:28:37.180556,947.7470733462052
PROD_0057,Samsung Pro 5,Books,Dell,1476.8304046276082,4.661017366676425,329,47.520574203827934,Out of Stock,2025-06-25 06:28:37.180661,775.0321163318533
PROD_0058,Dell Plus 5,Clothing,Adidas,1297.2282397207605,2.5530735359594887,315,29.182805592543602,In Stock,2025-06-28 06:28:37.180762,918.6606444314755
PROD_0059,Adidas Ultra 6,Electronics,Samsung,625.9599564097922,4.255180078827795,731,13.547882125756495,In Stock,2025-07-04 06:28:37.180878,541.1556393609568
PROD_0060,Sony Max 3,Sports,HP,1839.1613381527636,1.3309936801412245,797,43.30319447502042,In Stock,2025-06-14 06:28:37.180995,1042.7457271830845
PROD_0061,Dell Pro 6,Electronics,Apple,1974.6794973367396,1.6016675644141127,852,37.4789149988036,In Stock,2025-06-10 06:28:37.181095,1234.5910470311007
PROD_0062,Nike Pro 1,Clothing,Samsung,835.4908096519537,2.093628287722825,822,43.23611881275266,Out of Stock,2025-07-02 06:28:37.181201,474.25701052120587
PROD_0063,LG Ultra 5,Sports,Sony,1890.0838024660318,4.398589562709645,144,12.054241616481592,In Stock,2025-07-06 06:28:37.181300,1662.2485341627937
PROD_0064,Nike Standard 4,Electronics,Samsung,1516.428273022735,1.1875858711648797,94,5.677879609981451,In Stock,2025-07-05 06:28:37.181408,1430.3273013087833
PROD_0065,LG Ultra 2,Home & Garden,Samsung,1108.2946091612262,3.243751886141545,733,39.59089197348165,In Stock,2025-06-22 06:28:37.181513,669.5108877002845
PROD_0066,HP Standard 5,Clothing,Nike,433.79868140273237,1.545485902347079,763,49.02313625461889,In Stock,2025-06-19 06:28:37.181616,221.13696274793077
PROD_0067,LG Ultra 3,Clothing,Adidas,1099.418150729232,2.8036417896644177,334,19.827139116063506,In Stock,2025-06-18 06:28:37.181715,881.4349845168944
PROD_0068,Samsung Standard 4,Clothing,Dell,1685.7619158872321,4.07567096526159,851,22.956787811913067,Out of Stock,2025-06-16 06:28:37.181830,1298.7651298429598
PROD_0069,Apple Standard 3,Electronics,HP,264.81121952596715,1.6076107740491774,373,34.88337868484659,In Stock,2025-07-03 06:28:37.181934,172.4361190187636
PROD_0070,Dell Pro 3,Books,Nike,1338.439899656844,1.6892794848065193,633,11.19245329531603,Out of Stock,2025-06-19 06:28:37.182043,1188.635639001877
PROD_0071,Adidas Max 6,Sports,LG,250.06538349019561,2.843115072130903,345,44.710863144796285,In Stock,2025-06-11 06:28:37.182143,138.25899210538424
PROD_0072,Sony Ultra 9,Clothing,Samsung,967.4793341720234,3.751138868384332,55,43.67893120533886,Out of Stock,2025-06-08 06:28:37.182242,544.8947013731549
PROD_0073,Samsung Max 4,Electronics,Dell,1499.0367838634802,1.7380840774255093,718,26.829532299366626,Out of Stock,2025-06-23 06:28:37.182340,1096.8522257574411
PROD_0074,Apple Plus 7,Clothing,Sony,134.0593113973705,1.5909563676249068,882,35.66747929422762,Out of Stock,2025-06-23 06:28:37.182446,86.24373426272925
PROD_0075,Nike Plus 2,Clothing,LG,1069.9083602454962,1.9698820145389186,984,36.87026030469095,In Stock,2025-06-30 06:28:37.182545,675.4303628013312
PROD_0076,Samsung Pro 7,Clothing,LG,248.32664232030993,4.56210912295958,211,23.698497071527807,In Stock,2025-06-28 06:28:37.182651,189.47696026220797
PROD_0077,Sony Max 4,Clothing,HP,1493.4245536268168,2.7266381849187176,594,18.938631297564466,In Stock,2025-06-17 06:28:37.182750,1210.590383708136
PROD_0078,Apple Max 8,Books,Sony,667.3934777490189,4.734767295039498,436,5.089123631020187,In Stock,2025-06-14 06:28:37.182870,633.4289985610061
PROD_0079,Dell Plus 8,Electronics,HP,112.75460097028055,1.0729699257134442,228,49.11893084543032,In Stock,2025-07-05 06:28:37.182978,57.37074649464754
PROD_0080,Adidas Plus 4,Electronics,LG,350.066298906231,3.674572879697724,440,35.92286354182768,In Stock,2025-06-11 06:28:37.183080,224.31246004421905
PROD_0081,Nike Standard 5,Clothing,LG,1424.795432885129,1.798027709353279,531,12.120486620754011,In Stock,2025-06-11 06:28:37.183178,1252.1032930691727
PROD_0082,LG Standard 4,Sports,Nike,1191.8273641402186,2.4769219260395845,9,27.43015589690766,In Stock,2025-07-05 06:28:37.183287,864.9072601345513
PROD_0083,Sony Max 4,Electronics,HP,1366.1904172256193,4.040911439558746,970,23.65831005259461,In Stock,2025-07-04 06:28:37.183387,1042.9728524095462
PROD_0084,LG Pro 5,Home & Garden,Adidas,822.9514029424746,4.731752268399818,458,46.91702284105189,In Stock,2025-07-04 06:28:37.183549,436.8471052531969
PROD_0085,Samsung Plus 8,Books,Samsung,1503.4988302829738,4.1981485236780625,290,8.213289896549647,Out of Stock,2025-06-10 06:28:37.183684,1380.0121127606003
PROD_0086,LG Max 4,Electronics,Sony,1180.7302848321629,3.7319282536685296,839,21.95674542851092,In Stock,2025-06-18 06:28:37.183793,921.4803419942331
PROD_0087,Sony Pro 7,Electronics,Samsung,717.1712791186078,2.5659284408060077,961,27.17764305569943,Out of Stock,2025-06-18 06:28:37.183912,522.2610287817587
PROD_0088,HP Ultra 6,Books,HP,1463.7927822505098,3.7748704296133537,499,39.7012594635148,In Stock,2025-06-17 06:28:37.184029,882.6486117610326
PROD_0089,LG Ultra 4,Sports,LG,1507.2822088772573,3.827921844973836,410,37.19731462863385,In Stock,2025-06-15 06:28:37.184131,946.6137032997618
PROD_0090,Apple Max 5,Books,Apple,690.7426799446558,4.285029218688051,158,18.941078277845786,In Stock,2025-06-17 06:28:37.184231,559.9085682378487
PROD_0091,Dell Standard 8,Sports,Sony,466.21027651295657,3.889010273572265,129,0.6101536159022258,In Stock,2025-07-03 06:28:37.184329,463.365677653105
PROD_0092,Adidas Max 5,Home & Garden,Nike,1918.5588411824153,2.3700970287141736,133,20.042570838181994,In Stock,2025-06-23 06:28:37.184431,1534.030326366226
PROD_0093,Nike Plus 8,Clothing,Samsung,519.4709083887878,3.904382344249603,682,46.60591412418062,In Stock,2025-07-03 06:28:37.184531,277.3667429250084
PROD_0094,Sony Standard 8,Clothing,Samsung,1156.8138367319582,3.4268601855314236,50,36.82221178123614,Out of Stock,2025-06-15 06:28:37.184634,730.8493958558732
PROD_0095,Nike Pro 5,Sports,Apple,1679.4071920274089,1.4986507248130674,824,16.607320632746948,In Stock,2025-06-18 06:28:37.184747,1400.502654918005
PROD_0096,Dell Standard 9,Sports,Samsung,419.1038186675186,4.151159554857969,665,16.67495858455721,In Stock,2025-06-12 06:28:37.184863,349.21843047841213
PROD_0097,Apple Ultra 6,Clothing,HP,700.4368717734931,3.9500049924389935,528,29.353411206828362,In Stock,2025-06-10 06:28:37.184968,494.83475655757456
PROD_0098,Nike Pro 7,Home & Garden,LG,77.41952889072402,2.2458926845310296,284,29.02941751390217,In Stock,2025-06-09 06:28:37.185076,54.94509061173963
PROD_0099,Apple Standard 1,Electronics,Adidas,923.388086153856,3.2292214755601916,341,4.267483403932193,Out of Stock,2025-06-20 06:28:37.185177,883.9826528233531
PROD_0100,HP Pro 7,Books,Nike,1601.566223927796,2.397547996197332,669,9.534386033183328,In Stock,2025-06-07 06:28:37.185276,1448.8667175614426
PROD_0101,Dell Ultra 2,Electronics,LG,1430.9778075817583,3.1105909205791433,501,22.03813734691141,In Stock,2025-07-01 06:28:37.185380,1115.6169529430686
PROD_0102,Nike Plus 1,Sports,HP,1892.769769645929,2.493237265119012,457,44.871520490944214,In Stock,2025-07-06 06:28:37.185477,1043.4551946128586
PROD_0103,HP Plus 2,Sports,Dell,63.92102508193214,1.8878886477317978,983,9.80565498467264,In Stock,2025-06-29 06:28:37.185576,57.653149899731815
PROD_0104,LG Pro 5,Books,Nike,1308.9647546252306,1.952731124186906,417,40.265748367895256,Out of Stock,2025-06-13 06:28:37.185675,781.9003003033978
PROD_0105,LG Ultra 4,Home & Garden,Sony,290.75287906765,2.625569233094088,822,44.81679092605599,In Stock,2025-06-30 06:28:37.185783,160.44676914441288
PROD_0106,Samsung Standard 3,Sports,Nike,1170.2527063296875,2.685698202369992,513,45.531200177015194,In Stock,2025-06-26 06:28:37.185906,637.4226040337797
PROD_0107,Apple Max 3,Home & Garden,Adidas,1252.0563266197767,2.6376466087649617,733,18.137894733297273,Out of Stock,2025-07-04 06:28:37.186025,1024.9596680958928
PROD_0108,Adidas Max 6,Home & Garden,Dell,237.3334725815897,3.263106479866242,58,44.72761134470457,In Stock,2025-06-20 06:28:37.186125,131.17987937440526
PROD_0109,Apple Ultra 1,Electronics,Dell,1400.7032477901998,2.610200174387922,200,6.967803703641207,Out of Stock,2025-07-03 06:28:37.186224,1303.1049950136517
PROD_0110,Apple Max 2,Sports,Nike,1646.9419130642311,3.1186467146203243,41,28.825823775712678,In Stock,2025-06-20 06:28:37.186325,1172.1973395159848
PROD_0111,Sony Pro 6,Clothing,Adidas,420.7783308036004,1.043983314633922,980,13.184190131730823,In Stock,2025-06-10 06:28:37.186424,365.3021156373304
PROD_0112,Dell Max 9,Sports,HP,1150.8558125770073,4.352427852713183,980,19.156926412474874,In Stock,2025-07-05 06:28:37.186522,930.3872114479403
PROD_0113,Adidas Ultra 1,Books,Sony,1210.2726978381124,1.9813964387252838,148,41.85394953515147,In Stock,2025-07-03 06:28:37.186620,703.7257736472326
PROD_0114,Samsung Ultra 7,Books,LG,957.3403003762083,3.6546846614505926,757,6.750063871060346,In Stock,2025-06-11 06:28:37.186718,892.7192186374134
PROD_0115,Adidas Plus 3,Books,Adidas,112.33736883365819,2.9854649888049454,364,7.733607044161811,In Stock,2025-07-05 06:28:37.186859,103.64963816431236
PROD_0116,Sony Pro 9,Electronics,Samsung,996.0277192503349,3.753609585710944,41,22.984075638056556,In Stock,2025-06-19 06:28:37.187012,767.0999548818284
PROD_0117,Sony Plus 3,Clothing,Adidas,728.3380549106533,1.3663282933065366,816,6.84093154594807,Out of Stock,2025-06-14 06:28:37.187122,678.5129471511259
PROD_0118,Samsung Plus 8,Books,Dell,1281.509276815181,4.0361433821554,484,34.613828225892625,Out of Stock,2025-06-12 06:28:37.187226,837.9298570394953
PROD_0119,Apple Pro 9,Sports,Apple,88.45935462332673,3.822300690062754,710,49.96767497829174,In Stock,2025-06-15 06:28:37.187325,44.25827181724835
PROD_0120,Apple Standard 7,Electronics,Nike,1849.5484287992954,4.884232980661471,726,39.76709189795487,In Stock,2025-06-17 06:28:37.187428,1114.0368054214994
PROD_0121,HP Ultra 2,Books,Apple,1292.647834745386,3.6006694017729126,151,11.500441864385152,In Stock,2025-07-05 06:28:37.187535,1143.9876219992595
PROD_0122,Nike Standard 8,Clothing,HP,814.926044866883,3.2897110377338628,887,26.974564618766863,In Stock,2025-06-12 06:28:37.187638,595.1032922991046
PROD_0123,Sony Max 1,Sports,Apple,1754.5641019462744,2.6700243361115685,738,43.50494369504649,In Stock,2025-06-14 06:28:37.187745,991.2419773010496
PROD_0124,Sony Standard 2,Books,Nike,1995.8888799613417,2.4028472618068406,957,4.4271705306809075,In Stock,2025-06-25 06:28:37.187872,1907.5274756425558
PROD_0125,Samsung Plus 9,Clothing,LG,841.3558965129941,2.6854280091082807,388,36.613590359232255,In Stock,2025-06-24 06:28:37.188014,533.3052951004804
PROD_0126,LG Max 4,Clothing,LG,1182.3259835970807,2.1090625827870944,948,49.386119486801576,In Stock,2025-06-20 06:28:37.188116,598.4210606143243
PROD_0127,Samsung Plus 5,Sports,Sony,187.92789460139642,2.6703231031397134,439,44.20994890657515,In Stock,2025-06-07 06:28:37.188215,104.84506841691666
PROD_0128,Sony Max 9,Home & Garden,Adidas,471.02668575305233,4.770927096540502,574,11.52845979025095,Out of Stock,2025-06-23 06:28:37.188316,416.72456368466004
PROD_0129,Apple Ultra 2,Electronics,Apple,83.09655547896112,4.8290810519333025,887,17.506262958336507,In Stock,2025-06-22 06:28:37.188414,68.5494539674942
PROD_0130,HP Pro 9,Books,Adidas,1989.8665670664063,1.6955809968779492,489,25.762396215736295,In Stock,2025-06-20 06:28:37.188513,1477.2292578942888
PROD_0131,Dell Ultra 3,Sports,Dell,1498.2644921435347,1.1394606409352996,579,29.00431039189056,In Stock,2025-06-28 06:28:37.188611,1063.7032083507413
PROD_0132,Dell Ultra 9,Books,Samsung,1705.8651313605455,1.1416894736741803,462,32.76209903195109,In Stock,2025-06-10 06:28:37.188708,1146.987907672681
PROD_0133,Apple Plus 6,Books,Sony,107.07932752961446,3.1304100776030483,36,11.009160097490566,In Stock,2025-07-02 06:28:37.188833,95.29079293056292
PROD_0134,Sony Pro 2,Sports,Dell,1036.9972506827971,4.62605487777832,322,17.390460395109653,In Stock,2025-06-10 06:28:37.189041,856.6586545044294
PROD_0135,Sony Standard 1,Books,Dell,1320.3191509702667,4.402326916376968,570,8.020005266503604,In Stock,2025-06-24 06:28:37.189168,1214.4294855277956
PROD_0136,Samsung Standard 4,Books,LG,386.5508641721617,4.526548531081401,556,43.5921763872616,In Stock,2025-06-14 06:28:37.189269,218.04492963574896
PROD_0137,Apple Max 5,Clothing,Adidas,1116.8016527291163,4.026543215139739,523,0.319293585841679,In Stock,2025-06-23 06:28:37.189367,1113.2357766853784
PROD_0138,Nike Pro 9,Electronics,Dell,527.009126317678,3.5360228123984454,855,40.93397102499209,In Stock,2025-06-18 06:28:37.189478,311.28336325173575
PROD_0139,LG Max 9,Clothing,HP,790.3809107759413,1.7179892936953336,36,5.125486399533963,Out of Stock,2025-07-03 06:28:37.189598,749.8700446896078
PROD_0140,Apple Plus 1,Home & Garden,LG,1420.0582891592323,2.894295553740354,21,31.045775888373857,In Stock,2025-06-19 06:28:37.189702,979.1901752225812
PROD_0141,LG Standard 4,Books,Nike,1192.847759864805,2.534449041622487,28,1.1061775764498627,In Stock,2025-06-22 06:28:37.189816,1179.652745423996
PROD_0142,Dell Ultra 7,Clothing,Apple,554.5170659005151,4.988498000630845,976,5.10968098468595,Out of Stock,2025-06-22 06:28:37.189918,526.1830128273581
PROD_0143,HP Standard 4,Clothing,HP,1364.193611128679,3.618044857124541,538,43.40271612661464,Out of Stock,2025-06-13 06:28:37.190025,772.0965306730853
PROD_0144,Adidas Standard 5,Sports,Nike,1929.395739817715,4.040376313752389,452,49.19888239799141,In Stock,2025-06-09 06:28:37.190123,980.1545987929409
PROD_0145,LG Max 3,Electronics,Samsung,1432.6988400024727,3.2510011453735306,491,23.66049533457786,Out of Stock,2025-06-23 06:28:37.190221,1093.7151978051365
PROD_0146,Samsung Pro 5,Books,LG,1065.4052435192295,1.0714475699132775,348,6.562243884119379,In Stock,2025-06-09 06:28:37.190319,995.4907530853018
PROD_0147,Apple Ultra 4,Electronics,LG,243.44329603516502,1.5007431688102018,235,12.376997780168757,In Stock,2025-06-21 06:28:37.190419,213.31232468892298
PROD_0148,Samsung Plus 6,Sports,Sony,1184.6252383823887,2.7329869958866224,63,22.76100745409006,In Stock,2025-06-19 06:28:37.190517,914.992599571141
PROD_0149,LG Max 6,Books,Sony,1516.5479425463345,4.810594552154868,424,1.9809412674178573,In Stock,2025-06-13 06:28:37.190636,1486.5060185122577
PROD_0150,Samsung Pro 9,Home & Garden,Adidas,698.5729696132307,4.103218943171824,241,16.323065412199593,In Stock,2025-07-06 06:28:37.190741,584.5444468313179
PROD_0151,Samsung Standard 1,Sports,Adidas,722.02468834726,2.2883788088773414,165,28.37704241307791,In Stock,2025-06-19 06:28:37.190853,517.1354363020645
PROD_0152,HP Max 7,Home & Garden,Samsung,1903.5844489671006,1.4968798669122374,634,1.5793072412821019,Out of Stock,2025-06-30 06:28:37.190952,1873.5210019206431
PROD_0153,HP Pro 2,Home & Garden,Dell,1895.227420635767,3.5012186408557913,83,16.972509627140305,Out of Stock,2025-06-30 06:28:37.191059,1573.5597642121584
PROD_0154,Nike Plus 4,Clothing,LG,910.1133861914172,3.5743107807861,808,8.199974049474863,In Stock,2025-06-19 06:28:37.191157,835.4843247029241
PROD_0155,LG Plus 7,Home & Garden,Sony,963.7650678668117,3.4629680877689712,146,48.79326279095657,In Stock,2025-06-29 06:28:37.191254,493.5126456151173
PROD_0156,Sony Standard 7,Books,Adidas,1115.173466365886,3.8768071130890553,661,16.615731267755447,In Stock,2025-06-10 06:28:37.191355,929.8792400252173
PROD_0157,Nike Plus 3,Books,Sony,153.67483386855992,1.1226100088232243,352,42.02262031384667,In Stock,2025-06-16 06:28:37.191455,89.09664191404033
PROD_0158,HP Max 8,Home & Garden,Sony,698.4106351684562,2.484155051938411,531,25.24224409465089,In Stock,2025-06-18 06:28:37.191553,522.1161178562328
PROD_0159,Dell Pro 4,Clothing,Sony,797.0751879995404,3.424754854244686,334,45.035093200562926,In Stock,2025-06-27 06:28:37.191675,438.1116342053852
PROD_0160,Nike Ultra 6,Sports,Adidas,773.8558322169146,2.863251228080994,20,36.65565112076405,In Stock,2025-06-29 06:28:37.191780,490.19393818179714
PROD_0161,Adidas Max 2,Sports,Sony,147.57424451137268,2.748661555267306,501,43.53749506362557,In Stock,2025-06-13 06:28:37.191898,83.32411509205109
PROD_0162,HP Pro 4,Clothing,HP,335.4125064441953,2.564326146607043,27,12.906671635056377,In Stock,2025-07-06 06:28:37.192008,292.1219156145307
PROD_0163,Dell Plus 8,Home & Garden,Sony,481.685435645589,1.9386961530462044,9,3.6748373665006326,In Stock,2025-06-27 06:28:37.192114,463.98427926749355
PROD_0164,Sony Max 9,Electronics,Sony,504.94140244938353,3.46857994641612,512,12.626389103770963,In Stock,2025-06-09 06:28:37.192214,441.18553623008626
PROD_0165,Samsung Ultra 5,Sports,Adidas,954.5154427421296,4.376681795876788,555,22.318432325629278,Out of Stock,2025-07-01 06:28:37.192313,741.4825596160467
PROD_0166,Adidas Ultra 4,Clothing,LG,123.60284361773655,3.124678112004128,19,2.584841862076348,In Stock,2025-07-04 06:28:37.192411,120.40790557318853
PROD_0167,LG Standard 5,Books,Sony,215.5848246767912,3.338682801770355,11,7.417160048104443,Out of Stock,2025-06-13 06:28:37.192509,199.5945531910882
PROD_0168,Nike Ultra 2,Electronics,Apple,1946.4645186599894,3.320448918781872,183,25.77980142896251,In Stock,2025-06-25 06:28:37.192607,1444.669830864233
PROD_0169,LG Plus 7,Sports,Adidas,1412.314717845927,1.8074138084917934,374,8.119094733116045,In Stock,2025-06-14 06:28:37.192708,1297.6475479742755
PROD_0170,Dell Standard 6,Sports,HP,362.52808100029796,3.770503808904658,310,48.93156437002652,In Stock,2025-06-07 06:28:37.192819,185.13741968621525
PROD_0171,Apple Max 1,Clothing,Dell,1730.571583550523,4.074077458095164,986,46.54743477534889,In Stock,2025-07-06 06:28:37.192920,925.034904456621
PROD_0172,Samsung Ultra 5,Sports,Samsung,222.12013031290152,3.631381218412144,703,2.4106019430278014,Out of Stock,2025-06-28 06:28:37.193027,216.76569813572283
PROD_0173,Samsung Standard 9,Sports,Sony,584.4843351059699,1.436438527062999,609,20.20701608255165,In Stock,2025-07-01 06:28:37.193126,466.37749151111143
PROD_0174,Nike Max 2,Sports,Samsung,641.2194763631433,4.475602502162284,640,6.010452768530422,In Stock,2025-06-12 06:28:37.193226,602.6792825937184
PROD_0175,Sony Pro 7,Sports,Nike,783.230621527988,2.7947744904901226,304,27.28434442477367,In Stock,2025-07-01 06:28:37.193330,569.5312811099961
PROD_0176,Apple Ultra 3,Clothing,Apple,932.3531471631389,2.5191431207169193,793,47.573927983299555,Out of Stock,2025-06-09 06:28:37.193430,488.79613238172027
PROD_0177,Sony Standard 9,Home & Garden,Sony,803.657333984832,3.320689476909329,299,23.83477375205796,In Stock,2025-06-14 06:28:37.193533,612.1074266877265
PROD_0178,LG Max 5,Books,HP,1794.4614367818435,1.2851210802206556,398,12.174114828814965,Out of Stock,2025-06-22 06:28:37.193661,1576.001640909219
PROD_0179,Adidas Standard 6,Books,Apple,340.99989940885285,3.469407029651897,372,14.243645098096142,In Stock,2025-06-22 06:28:37.193823,292.429083952191
PROD_0180,Adidas Ultra 8,Clothing,Adidas,1438.0952139581727,2.599620827216625,588,20.677455076267577,In Stock,2025-06-26 06:28:37.193929,1140.7337221380174
PROD_0181,HP Plus 7,Sports,HP,1421.0020608276411,1.4275076923789753,937,9.261422327370482,Out of Stock,2025-06-17 06:28:37.194039,1289.3970586937553
PROD_0182,Adidas Pro 8,Sports,Apple,233.48564537832615,1.0103360593799295,917,40.95944297133951,Out of Stock,2025-06-28 06:28:37.194145,137.85122561332665
PROD_0183,Apple Pro 8,Clothing,Samsung,1681.3239927047734,4.600092493592045,719,27.831852896835862,In Stock,2025-07-03 06:28:37.194245,1213.3803723359736
PROD_0184,Apple Ultra 4,Home & Garden,HP,1338.4242995900263,1.3821412553386727,675,7.485198397847887,In Stock,2025-07-02 06:28:37.194344,1238.2405853607067
PROD_0185,HP Pro 3,Home & Garden,Apple,951.0550116100325,3.1414324073706434,661,1.1819293023168198,In Stock,2025-06-09 06:28:37.194443,939.8142137466608
PROD_0186,HP Ultra 9,Sports,Sony,126.32468207602227,1.5670975741084074,319,6.8219876278366565,In Stock,2025-07-04 06:28:37.194541,117.70682789389204
PROD_0187,Apple Standard 7,Electronics,Samsung,41.48397261350905,2.364360097896882,301,5.205482469208317,In Stock,2025-06-27 06:28:37.194640,39.32453169158166
PROD_0188,Dell Standard 4,Sports,Samsung,1195.5439490960239,2.6047516561559307,352,11.3328201113494,In Stock,2025-07-03 06:28:37.194743,1060.055103992849
PROD_0189,Sony Pro 2,Home & Garden,Sony,149.1638953617739,3.5606728953126643,775,44.00395437807291,In Stock,2025-06-15 06:28:37.194858,83.52588289822249
PROD_0190,Adidas Standard 3,Clothing,HP,763.1680827368795,2.451777087383968,802,36.532525511962305,In Stock,2025-06-29 06:28:37.194968,484.36350821187534
PROD_0191,LG Plus 4,Sports,Sony,1273.5704907261559,4.0193512797633915,310,26.791384223654063,In Stock,2025-06-12 06:28:37.195074,932.3633271966349
PROD_0192,HP Plus 1,Home & Garden,Dell,1592.945421971561,4.708711277917811,236,5.991450100882317,Out of Stock,2025-06-15 06:28:37.195173,1497.5048918798457
PROD_0193,Sony Plus 8,Home & Garden,Samsung,1685.6462558090784,3.0838319090881687,965,12.852363321603994,In Stock,2025-07-06 06:28:37.195272,1469.0008746954813
PROD_0194,Sony Plus 6,Home & Garden,Apple,135.58697582750884,1.4705961138942345,662,13.155628495542143,In Stock,2025-06-16 06:28:37.195370,117.74965699930124
PROD_0195,Apple Ultra 9,Electronics,Samsung,617.9933782094669,2.5879260682971337,406,47.119350955111656,Out of Stock,2025-07-01 06:28:37.195469,326.79890945159764
PROD_0196,Nike Ultra 6,Home & Garden,Sony,788.1750984857671,3.004611996728039,560,5.818319894273804,Out of Stock,2025-07-04 06:28:37.195568,742.3165499288575
PROD_0197,LG Max 6,Books,Dell,431.8451568954547,4.27494001629708,398,20.149008938258074,In Stock,2025-07-05 06:28:37.195666,344.83263763315495
PROD_0198,Nike Max 4,Clothing,Dell,1866.1341735477472,3.3006534019864997,252,43.10072411363113,Out of Stock,2025-06-23 06:28:37.195769,1061.8168318167423
PROD_0199,Samsung Standard 4,Books,Nike,803.339425266903,1.5854959686489964,116,6.08809555626374,In Stock,2025-07-03 06:28:37.195886,754.4313534155141
PROD_0200,Samsung Plus 4,Clothing,Sony,220.27272168087038,3.563305258760825,860,0.8843904806628611,In Stock,2025-06-14 06:28:37.196016,218.32465069882775
PROD_0201,Nike Ultra 5,Books,Apple,925.0028433009471,1.2326551820219032,778,37.71267721719315,In Stock,2025-06-22 06:28:37.196119,576.159506757002
PROD_0202,Samsung Ultra 9,Books,Sony,251.5560294506335,2.213100590270382,882,8.88831939256241,In Stock,2025-07-06 06:28:37.196218,229.19692610181286
PROD_0203,Adidas Plus 7,Electronics,Sony,1234.2866820797117,2.2250144831464467,819,32.78618362808282,Out of Stock,2025-06-19 06:28:37.196316,829.6111839960868
PROD_0204,HP Standard 4,Sports,Nike,741.8411082458064,2.656519010115708,525,8.84435725719272,In Stock,2025-07-02 06:28:37.196414,676.2300303518294
PROD_0205,LG Max 5,Sports,Apple,1365.1399062041066,1.7587793926987088,900,10.760093600861875,In Stock,2025-06-19 06:28:37.196520,1218.2495745138267
PROD_0206,Sony Standard 5,Clothing,Sony,1919.5575221988565,2.95141617570545,994,13.292556832715674,In Stock,2025-06-16 06:28:37.196620,1664.3992476239048
PROD_0207,Adidas Standard 4,Clothing,Adidas,494.5211571256858,3.6068425916438733,226,18.794414257288466,In Stock,2025-07-01 06:28:37.196721,401.578802265548
PROD_0208,Apple Standard 1,Electronics,Dell,1575.9377386480373,2.261627582992051,128,40.4441730818164,In Stock,2025-07-06 06:28:37.196837,938.5627519675617
PROD_0209,Apple Max 8,Sports,Adidas,1278.0309388484782,3.637415688823131,954,22.506221620987983,In Stock,2025-06-20 06:28:37.196936,990.3944633664462
PROD_0210,Adidas Standard 3,Sports,Dell,1976.6677892902615,2.773092349774473,7,2.0836450301192135,In Stock,2025-06-26 06:28:37.197043,1935.4810491367475
PROD_0211,Samsung Standard 3,Books,Dell,80.78602540074121,3.034317157790314,231,17.66257042510321,In Stock,2025-06-26 06:28:37.197141,66.51713677069353
PROD_0212,Adidas Ultra 7,Books,Adidas,716.1343069112119,2.6485237210510864,772,33.015135985066905,In Stock,2025-06-27 06:28:37.197240,479.70159164875884
PROD_0213,LG Plus 1,Electronics,Samsung,770.0598829092628,1.8227490487822204,560,12.770674234260976,In Stock,2025-06-28 06:28:37.197338,671.7180438541894
PROD_0214,Samsung Pro 7,Clothing,Apple,1599.4412413926034,2.171288146803859,487,5.697831735715858,In Stock,2025-06-21 06:28:37.197437,1508.307770746408
PROD_0215,Dell Plus 2,Books,Apple,683.1523369290518,4.712334561304199,182,4.750584949615233,In Stock,2025-06-23 06:28:37.197535,650.6986048279555
PROD_0216,Adidas Max 9,Clothing,LG,554.844701953072,4.713270131394308,171,9.873524492996866,Out of Stock,2025-06-13 06:28:37.197633,500.06197440764
PROD_0217,Sony Ultra 7,Electronics,Adidas,1838.6638019427135,2.0089640806934463,396,11.053168572686422,Out of Stock,2025-06-23 06:28:37.197732,1635.4331924290202
PROD_0218,Dell Plus 6,Books,Samsung,1875.4022523292667,1.1726949431880467,465,5.3971857323232175,In Stock,2025-06-17 06:28:37.197853,1774.1833095428833
PROD_0219,Nike Max 3,Home & Garden,Sony,832.6987340975703,4.032740044306149,352,25.418027345813996,In Stock,2025-06-18 06:28:37.197954,621.043142156403
PROD_0220,HP Standard 7,Home & Garden,HP,1755.5054986076939,2.735202049019087,135,23.077873720989494,In Stock,2025-07-06 06:28:37.198067,1350.3721564739833
PROD_0221,Adidas Standard 3,Electronics,Adidas,207.36441817855965,2.605977263445153,873,32.878015638901154,In Stock,2025-06-16 06:28:37.198166,139.1871123402964
PROD_0222,Dell Ultra 2,Electronics,Dell,1569.7456511259404,3.2169060565280665,597,42.402389556538594,Out of Stock,2025-06-25 06:28:37.198264,904.135985088696
PROD_0223,Samsung Pro 2,Sports,Samsung,1359.9738574817322,4.025058631565811,734,15.280210774510744,Out of Stock,2025-07-02 06:28:37.198363,1152.1669855802793
PROD_0224,Apple Plus 4,Home & Garden,Apple,1773.5296031254984,3.3721773367471366,804,33.15210022502461,In Stock,2025-06-30 06:28:37.198466,1185.5672915768519
PROD_0225,Sony Max 6,Home & Garden,Adidas,1590.4526892413976,1.3719625592925286,118,43.713123530511886,In Stock,2025-07-04 06:28:37.198567,895.2161404989571
PROD_0226,Dell Standard 7,Home & Garden,Adidas,115.0798813323709,2.9463906489750125,669,40.249449984038485,In Stock,2025-06-09 06:28:37.198668,68.76086205380744
PROD_0227,Nike Pro 3,Sports,Adidas,1571.9449844518203,3.830723738963663,926,41.25653338330576,In Stock,2025-06-24 06:28:37.198770,923.4149771742545
PROD_0228,Adidas Pro 7,Electronics,Apple,749.1297837273611,1.2501689075894737,475,36.783155711959495,Out of Stock,2025-06-09 06:28:37.198888,473.5762088942605
PROD_0229,LG Standard 1,Electronics,LG,1275.9929557693831,4.142606472320928,986,34.295563552493185,Out of Stock,2025-06-09 06:28:37.198993,838.383980698158
PROD_0230,Nike Pro 5,Electronics,Adidas,730.8485288880539,2.3380451549677286,972,35.012597972226054,In Stock,2025-06-15 06:28:37.199092,474.95947168255117
PROD_0231,Sony Pro 3,Sports,Nike,526.0005501428898,2.7186272509557403,580,42.09667833959043,In Stock,2025-06-20 06:28:37.199189,304.5717904847614
PROD_0232,Sony Max 5,Home & Garden,LG,1266.0295854538456,1.1993681111317662,294,24.823057617764988,In Stock,2025-06-12 06:28:37.199287,951.7623319986862
PROD_0233,Adidas Pro 6,Home & Garden,Adidas,279.3546237325942,4.005500344116182,663,23.603021709849912,In Stock,2025-06-13 06:28:37.199385,213.41849124552044
PROD_0234,Adidas Max 6,Home & Garden,HP,501.48781015327967,4.625018322084147,631,48.7417326390556,In Stock,2025-06-27 06:28:37.199491,257.05396251091344
PROD_0235,Samsung Standard 6,Home & Garden,Samsung,980.2666754100347,1.1344544007331305,595,30.984972009970786,In Stock,2025-06-16 06:28:37.199591,676.5313204111643
PROD_0236,Adidas Max 1,Books,HP,181.9849754174675,1.9471372372455416,671,33.189484308779456,Out of Stock,2025-06-22 06:28:37.199691,121.58510055695096
PROD_0237,Dell Standard 8,Electronics,Sony,1962.781210089521,2.0261202497769912,130,36.25778637755574,In Stock,2025-06-20 06:28:37.199789,1251.1201918764589
PROD_0238,Nike Ultra 9,Sports,Dell,1935.0387937986677,1.7320617769389086,160,7.562341436746728,In Stock,2025-06-27 06:28:37.199910,1788.7045532781071
PROD_0239,Samsung Pro 1,Sports,Sony,1721.6779897653755,3.891257212833935,680,39.584999422667586,In Stock,2025-07-05 06:28:37.200024,1040.1517674565566
PROD_0240,LG Max 1,Clothing,Sony,290.50965876832083,3.6567516580216695,56,33.451116866455415,In Stock,2025-06-21 06:28:37.200122,193.330933305389
PROD_0241,Nike Standard 7,Home & Garden,Dell,1576.070568486156,1.4477437080861213,570,22.961993879847903,In Stock,2025-06-20 06:28:37.200220,1214.1733410082809
PROD_0242,Dell Standard 4,Clothing,HP,1519.265785559531,4.016430721264657,654,10.244063707535627,Out of Stock,2025-06-15 06:28:37.200319,1363.631230600021
PROD_0243,Adidas Plus 9,Clothing,Adidas,1546.3048278568808,1.1086696849022393,920,4.707595506284895,In Stock,2025-06-25 06:28:37.200420,1473.5110512672238
PROD_0244,Samsung Max 4,Books,LG,750.146009154561,2.806787276926731,378,19.021000375378115,In Stock,2025-06-18 06:28:37.200520,607.460733937388
PROD_0245,Nike Plus 8,Home & Garden,Adidas,1517.3889507309405,2.1057667623335843,71,39.895707980794704,In Stock,2025-06-21 06:28:37.200617,912.0158860144796
PROD_0246,LG Max 4,Home & Garden,Apple,640.3557373643781,4.428717027995011,258,44.85931704823095,In Stock,2025-07-01 06:28:37.200715,353.0965269035546
PROD_0247,Samsung Plus 1,Sports,Dell,1312.042179126674,1.6084171328890915,259,39.929663619137564,Out of Stock,2025-06-18 06:28:37.200826,788.1481504601907
PROD_0248,Dell Pro 7,Electronics,HP,975.8643764881754,1.4897355934357641,669,31.733563662697073,In Stock,2025-07-01 06:28:37.200928,666.1878333137184
PROD_0249,Apple Ultra 7,Books,Sony,1123.9138104403812,3.1095984884907053,792,41.1479223110743,In Stock,2025-06-07 06:28:37.201043,661.4466288769382
PROD_0250,Sony Ultra 9,Home & Garden,LG,1086.1795724212334,3.840971194493246,939,49.4032783326387,Out of Stock,2025-06-25 06:28:37.201160,549.5712550657065
PROD_0251,Adidas Pro 5,Clothing,LG,1658.2160123500646,2.340832189483491,985,12.216997039323306,In Stock,2025-06-11 06:28:37.201260,1455.631811215672
PROD_0252,LG Pro 5,Books,Adidas,1811.666149812962,3.9586852029070547,337,37.44131684816532,In Stock,2025-06-21 06:28:37.201358,1133.3544864305336
PROD_0253,Dell Pro 5,Home & Garden,Nike,1689.0372795493813,2.015899498288099,288,6.313237078225137,In Stock,2025-07-05 06:28:37.201457,1582.4043517518246
PROD_0254,Nike Plus 7,Electronics,Adidas,462.0873184767946,4.348164500971761,854,3.8539005975730345,In Stock,2025-06-11 06:28:37.201557,444.2789325487082
PROD_0255,Samsung Standard 3,Electronics,Sony,822.5296220913077,4.036994932243371,995,43.5602241131526,In Stock,2025-07-04 06:28:37.201659,464.2338753112669
PROD_0256,Adidas Standard 2,Books,Samsung,1749.7111810353197,1.0007535982263276,442,5.5494734606740534,In Stock,2025-07-01 06:28:37.201758,1652.6114234053182
PROD_0257,LG Plus 5,Books,Nike,1953.832653736212,1.4428823733052627,595,0.9000044472607494,In Stock,2025-06-23 06:28:37.201883,1936.2480729605534
PROD_0258,Apple Pro 3,Books,Nike,1510.3841881576,4.2196271073657545,979,49.08993466303138,In Stock,2025-06-28 06:28:37.202028,768.9375770302772
PROD_0259,Nike Plus 7,Electronics,Adidas,1273.8273207603404,2.799368831890237,119,35.184298873039786,In Stock,2025-06-29 06:28:37.202172,825.640109097587
PROD_0260,Samsung Pro 1,Home & Garden,Samsung,1650.824268093194,1.2969634919535458,954,36.51230735450729,In Stock,2025-06-10 06:28:37.202274,1048.0702374442114
PROD_0261,Adidas Plus 8,Clothing,Samsung,667.51192771279,2.361623373398259,631,9.266508976435722,In Stock,2025-06-08 06:28:37.202374,605.6568750125051
PROD_0262,LG Pro 3,Books,Dell,1580.4300847115755,3.293397382540872,660,3.182045464332117,Out of Stock,2025-07-04 06:28:37.202480,1530.1400808840706
PROD_0263,Adidas Pro 5,Sports,Samsung,1820.1573706788188,3.6768010517523138,976,3.234344675756579,Out of Stock,2025-06-29 06:28:37.202582,1761.2872076698773
PROD_0264,Sony Plus 6,Home & Garden,LG,1550.0205149030112,3.4076937240605263,25,8.241233767338102,In Stock,2025-06-16 06:28:37.202682,1422.2797008281564
PROD_0265,Nike Plus 9,Sports,Nike,482.4926020658645,3.0494551101831626,539,11.709222340774284,In Stock,2025-07-04 06:28:37.202843,425.9964705121851
PROD_0266,LG Plus 2,Clothing,Nike,1489.751893191354,3.025064237980811,86,20.348595481713193,Out of Stock,2025-06-19 06:28:37.203049,1186.6083067646814
PROD_0267,Samsung Standard 6,Clothing,Nike,288.6479541311022,2.107257231165223,448,22.523265082890916,In Stock,2025-07-04 06:28:37.203197,223.63501026581267
PROD_0268,Dell Ultra 4,Electronics,Sony,1078.6449018192031,4.416543990602017,880,10.953440455092888,In Stock,2025-06-09 06:28:37.203316,960.4961747765416
PROD_0269,Samsung Max 7,Sports,Sony,1148.3768003049086,3.0506709038256656,362,2.2193886085427215,In Stock,2025-06-13 06:28:37.203417,1122.8898564157942
PROD_0270,Sony Pro 9,Electronics,Dell,1067.8829345628174,4.51945070944464,182,43.71112623425879,In Stock,2025-06-26 06:28:37.203518,601.099277001957
PROD_0271,LG Ultra 1,Home & Garden,Nike,827.9319397784361,4.63044401022622,108,30.395260704535186,In Stock,2025-06-24 06:28:37.203626,576.2798682266651
PROD_0272,Apple Plus 5,Electronics,Nike,14.186647920007992,3.8702884989263775,430,2.9762350173885843,In Stock,2025-06-19 06:28:37.203738,13.764419936819085
PROD_0273,Apple Max 4,Electronics,HP,1328.7023809881173,1.369139168293029,750,20.94738950937377,In Stock,2025-07-06 06:28:37.203878,1050.373917822213
PROD_0274,Adidas Max 3,Electronics,HP,831.2238989059593,3.584384700020252,201,18.09599954189325,In Stock,2025-06-27 06:28:37.204022,680.8056259678298
PROD_0275,LG Max 3,Electronics,Samsung,317.099914913328,1.687393925308378,453,6.027920820184512,Out of Stock,2025-07-01 06:28:37.204125,297.98538312148014
PROD_0276,Nike Max 1,Electronics,LG,1069.6604718799217,2.795412286698833,310,28.85999433672754,In Stock,2025-06-16 06:28:37.204234,760.9565202731632
PROD_0277,LG Pro 9,Electronics,LG,1692.7526823499145,3.769971306676901,657,20.194893208506187,In Stock,2025-06-28 06:28:37.204339,1350.9030858652254
PROD_0278,Sony Max 2,Books,Nike,1716.5490519459547,4.666540943364829,62,4.94368088203177,Out of Stock,2025-06-11 06:28:37.204437,1631.6883446342051
PROD_0279,Nike Pro 6,Home & Garden,Adidas,1379.9259867993524,2.4982115480804854,439,8.281417351413268,In Stock,2025-07-02 06:28:37.204536,1265.64855669189
PROD_0280,Dell Pro 1,Home & Garden,Nike,60.64104221244425,3.583289545145937,987,0.3355195152029977,In Stock,2025-06-10 06:28:37.204633,60.43757968159901
PROD_0281,LG Ultra 1,Electronics,LG,1695.8075844906323,3.1243413795409714,687,10.894627712749505,Out of Stock,2025-07-06 06:28:37.204735,1511.055661435808
PROD_0282,HP Plus 1,Sports,Apple,976.3235023222016,1.110146879477862,442,26.59563532621317,In Stock,2025-06-11 06:28:37.204852,716.6640640404765
PROD_0283,Nike Ultra 3,Clothing,LG,1514.865091760852,2.8340920355275627,541,6.502389125556935,Out of Stock,2025-07-02 06:28:37.204966,1416.3626687673361
PROD_0284,Apple Plus 5,Books,HP,893.8141491998457,4.979431892237287,200,49.20065816052321,In Stock,2025-06-22 06:28:37.205068,454.0517050616407
PROD_0285,LG Plus 1,Sports,Dell,687.3703374664664,3.165630429390341,164,23.89392240111212,In Stock,2025-06-24 06:28:37.205167,523.1306024239664
PROD_0286,LG Standard 7,Books,Nike,611.6431662094726,2.037339589268378,562,8.858546263593276,In Stock,2025-06-25 06:28:37.205266,557.4604733626998
PROD_0287,Sony Plus 7,Home & Garden,Nike,338.83168038078037,3.3319377046584098,636,22.202187460110146,In Stock,2025-06-26 06:28:37.205365,263.6036355283983
PROD_0288,Adidas Ultra 1,Books,Adidas,607.9738773448604,2.3032924702577993,663,31.033023991229204,In Stock,2025-06-16 06:28:37.205463,419.3011981280235
PROD_0289,Dell Plus 5,Electronics,Sony,1090.6189220757497,1.9109989444128384,63,29.650725018029885,In Stock,2025-06-15 06:28:37.205561,767.2425044964675
PROD_0290,Sony Plus 6,Sports,LG,1583.114490607021,1.4992832558673932,976,34.037794648024274,In Stock,2025-06-11 06:28:37.205659,1044.2572312510877
PROD_0291,Adidas Pro 3,Books,Apple,1962.1648825437433,2.9336297438925865,863,24.59655500528645,In Stock,2025-07-03 06:28:37.205771,1479.5399179144572
PROD_0292,LG Ultra 1,Books,Nike,1838.282074106691,2.4490723483943646,464,43.27885728122761,Out of Stock,2025-06-19 06:28:37.205890,1042.6945988276657
PROD_0293,Adidas Ultra 4,Sports,Nike,408.94428590152154,1.4370568412384856,115,0.15839242903508688,In Stock,2025-07-06 06:28:37.206021,408.296549113682
PROD_0294,Dell Ultra 6,Books,Nike,71.27219882429122,4.886132169562355,700,46.31913033650434,In Stock,2025-06-15 06:28:37.206126,38.259536157175255
PROD_0295,Sony Ultra 3,Clothing,Apple,1268.7627788319976,3.5778811084841347,203,40.22186038397525,In Stock,2025-06-13 06:28:37.206226,758.4427853263469
PROD_0296,LG Pro 3,Books,Apple,1356.8743847262174,4.313877197796469,326,0.11587739524069329,In Stock,2025-07-03 06:28:37.206329,1355.3020740325085
PROD_0297,Samsung Standard 1,Sports,Sony,1509.3215652913684,4.075691128430564,127,40.45915855695155,Out of Stock,2025-07-04 06:28:37.206428,898.6627600558708
PROD_0298,Apple Pro 2,Home & Garden,LG,58.75191205262818,2.224549363518373,583,5.549904939565742,Out of Stock,2025-06-24 06:28:37.206527,55.49123678353005
PROD_0299,Dell Max 3,Books,LG,606.135699128209,1.307448301104654,374,42.10372186992896,In Stock,2025-07-01 06:28:37.206625,350.93001021291843
PROD_0300,Adidas Max 2,Clothing,Sony,1337.040297818393,1.8444498846645447,289,14.05022494543568,Out of Stock,2025-06-23 06:28:37.206727,1149.1831283637855
PROD_0301,Dell Ultra 6,Sports,HP,958.1096028241453,1.9041159912639989,232,10.963698096193786,In Stock,2025-06-18 06:28:37.206934,853.0653585398646
PROD_0302,Sony Ultra 9,Electronics,LG,383.80727655017046,3.8791658134187443,543,22.467487101982105,In Stock,2025-06-29 06:28:37.207259,297.5754261947921
PROD_0303,LG Plus 4,Clothing,LG,931.7137063351701,1.9386137671033974,52,40.197925377626014,In Stock,2025-07-03 06:28:37.207383,557.1841259294449
PROD_0304,Sony Ultra 7,Clothing,Adidas,998.4238914077137,2.137096371710067,849,41.18890450505826,In Stock,2025-06-28 06:28:37.207484,587.184028220104
PROD_0305,Adidas Pro 9,Electronics,Apple,1568.2031082602984,3.8601548754027353,725,35.348824372785806,In Stock,2025-06-19 06:28:37.207594,1013.8617457127974
PROD_0306,Dell Pro 6,Sports,Adidas,1484.3990717426223,2.265080598917227,650,41.33573299655092,In Stock,2025-06-28 06:28:37.207703,870.8118348438118
PROD_0307,Nike Max 4,Home & Garden,Apple,1784.8255681733622,2.735269678306118,176,18.86568307031618,Out of Stock,2025-06-18 06:28:37.207856,1448.1060331238057
PROD_0308,Sony Pro 7,Clothing,Sony,781.4211228567376,3.5308475149944036,631,33.79238732321682,In Stock,2025-06-16 06:28:37.207963,517.3602703955588
PROD_0309,Sony Ultra 5,Electronics,Dell,1524.465202599058,4.803090830925353,430,47.19911526816048,In Stock,2025-06-17 06:28:37.208066,804.9311144013324
PROD_0310,Nike Ultra 5,Clothing,Samsung,726.5004271429469,4.827199261937144,539,43.29100826111776,In Stock,2025-06-21 06:28:37.208166,411.99106721143795
PROD_0311,Apple Ultra 9,Home & Garden,HP,1537.4595807506573,2.666017727615516,396,20.789875034372507,In Stock,2025-06-28 06:28:37.208264,1217.8236552086082
PROD_0312,Samsung Ultra 6,Electronics,Adidas,1358.848268616988,3.4310084890108903,161,19.736717692241406,Out of Stock,2025-07-03 06:28:37.208362,1090.656221974143
PROD_0313,Apple Ultra 6,Home & Garden,Adidas,796.3105061468915,3.852827533130471,437,28.958762768736108,In Stock,2025-06-26 06:28:37.208460,565.7088357692915
PROD_0314,Nike Standard 9,Electronics,LG,1566.210516516605,3.1752229114649495,814,41.77401128710972,In Stock,2025-07-02 06:28:37.208565,911.9415585670589
PROD_0315,LG Max 6,Electronics,Adidas,1898.2034521039495,1.1256872860450917,386,20.214487362743455,In Stock,2025-06-15 06:28:37.208678,1514.4913551592367
PROD_0316,Adidas Standard 9,Home & Garden,Apple,1042.8742374578019,3.7101690698358127,851,22.745944475379353,In Stock,2025-06-20 06:28:37.208793,805.6626424576144
PROD_0317,Dell Plus 6,Sports,Apple,1542.614841396621,4.228622149459531,673,9.086959535473149,In Stock,2025-06-16 06:28:37.208908,1402.4380549707066
PROD_0318,Samsung Pro 7,Clothing,HP,702.7102304048933,2.486957179625321,527,28.404625616893362,In Stock,2025-06-24 06:28:37.209013,503.1080202867746
PROD_0319,HP Plus 3,Electronics,Dell,1798.1356033029303,4.132793653194504,728,14.55721238925895,In Stock,2025-06-10 06:28:37.209116,1536.37718448324
PROD_0320,Adidas Ultra 9,Sports,Apple,1210.5506933727365,2.89360352597965,123,23.69049141989733,In Stock,2025-06-11 06:28:37.209214,923.7652852257607
PROD_0321,Dell Pro 7,Sports,Dell,1982.742524112799,3.1779293312010517,142,28.064677147420134,In Stock,2025-06-20 06:28:37.209312,1426.292236055933
PROD_0322,Nike Max 7,Clothing,Samsung,1248.6031467163334,4.125287422989221,300,13.811866248757653,Out of Stock,2025-06-29 06:28:37.209411,1076.1477501140942
PROD_0323,Dell Plus 1,Electronics,HP,1835.7968278326605,2.1620180226856816,699,26.94065045198095,In Stock,2025-06-23 06:28:37.209510,1341.221221437709
PROD_0324,Apple Max 1,Clothing,Sony,999.6517678762551,1.9210036828420587,247,6.713742545113776,Out of Stock,2025-06-10 06:28:37.209607,932.5377218333649
PROD_0325,Apple Standard 5,Sports,LG,556.6605919453051,4.227861963535974,209,27.34298204875631,In Stock,2025-06-07 06:28:37.209705,404.4529862171997
PROD_0326,Nike Standard 8,Home & Garden,Sony,109.45826703276069,4.374598656207295,751,49.74906846625465,In Stock,2025-06-09 06:28:37.209828,55.00379882465674
PROD_0327,Adidas Pro 4,Books,Adidas,1989.6903949922425,3.846891222984195,89,26.12698583660266,In Stock,2025-07-02 06:28:37.209927,1469.8442673003756
PROD_0328,Samsung Max 3,Clothing,Apple,38.23819829757669,4.31756650783405,796,45.39493968898097,Out of Stock,2025-06-26 06:28:37.210024,20.879991242238805
PROD_0329,Nike Standard 2,Clothing,HP,791.6596138605934,4.416887625363472,477,35.9165587686002,In Stock,2025-07-06 06:28:37.210124,507.3227234010799
PROD_0330,Nike Pro 4,Clothing,LG,1711.8619001865563,3.412257224682066,420,0.45192345396460887,In Stock,2025-06-09 06:28:37.210221,1704.1255947601292
PROD_0331,Apple Ultra 5,Clothing,Adidas,363.99736685755664,3.058734468485756,943,4.769963865660531,In Stock,2025-06-12 06:28:37.210319,346.6348239864954
PROD_0332,Sony Ultra 4,Electronics,LG,801.6948847492923,4.678124098624199,498,24.733759479564167,In Stock,2025-06-30 06:28:37.210416,603.4056001954332
PROD_0333,Samsung Ultra 4,Home & Garden,Sony,74.90971719971735,1.2308117136635954,358,28.856129301916038,In Stock,2025-06-19 06:28:37.210517,53.293672344867275
PROD_0334,Sony Plus 4,Sports,Nike,837.0517528555977,4.389086670887437,768,9.579647286741288,Out of Stock,2025-06-17 06:28:37.210615,756.865147324546
PROD_0335,HP Max 9,Electronics,Sony,81.67744839993851,1.7008870884233094,353,33.97749635669542,In Stock,2025-07-03 06:28:37.210721,53.92549634560762
PROD_0336,Sony Ultra 8,Books,Sony,1038.2297866002727,4.0351050150293,402,7.190717515740685,In Stock,2025-06-14 06:28:37.210838,963.5736154815698
PROD_0337,HP Max 8,Sports,Sony,1528.5856435666035,4.292643322835437,83,24.87699260730511,In Stock,2025-06-08 06:28:37.210939,1148.3195060202122
PROD_0338,Dell Pro 3,Home & Garden,LG,151.6049874951313,1.2760303704512652,270,43.97482853640632,In Stock,2025-06-22 06:28:37.211039,84.93695419150707
PROD_0339,Dell Ultra 8,Sports,Adidas,1390.2999343728525,4.084491263407546,3,7.579753740004969,Out of Stock,2025-06-14 06:28:37.211137,1284.9186230999396
PROD_0340,Sony Plus 7,Sports,Sony,789.729686934165,3.1868020822270733,680,0.0005817377683070557,In Stock,2025-06-15 06:28:37.211234,789.7250927783085
PROD_0341,LG Standard 9,Clothing,Dell,459.9894091868471,2.2167948785451235,316,21.874096330410488,Out of Stock,2025-06-15 06:28:37.211330,359.37088271163014
PROD_0342,HP Plus 6,Books,HP,1284.864829677147,2.66377561832742,908,21.131459850680457,In Stock,2025-06-07 06:28:37.211428,1013.3541340584069
PROD_0343,Sony Pro 3,Electronics,LG,680.5598041777384,4.998175674876377,739,49.24292013812379,In Stock,2025-06-16 06:28:37.211524,345.43228331432306
PROD_0344,LG Standard 8,Electronics,Dell,166.12707447107667,3.1779878364154603,201,1.0335684445952231,In Stock,2025-06-07 06:28:37.211644,164.4100374514144
PROD_0345,Samsung Pro 6,Electronics,Samsung,1207.0922198066498,2.186239648823723,152,6.497068613397062,In Stock,2025-06-20 06:28:37.211787,1128.666610058834
PROD_0346,Samsung Pro 3,Home & Garden,Samsung,1866.5204765136475,4.310025279492885,103,9.009787706407396,In Stock,2025-07-01 06:28:37.211906,1698.3509440831442
PROD_0347,Samsung Max 7,Sports,LG,695.7621280506437,1.1234316172322898,680,9.762030147824602,In Stock,2025-07-01 06:28:37.212012,627.8416193531939
PROD_0348,Adidas Plus 5,Books,Samsung,1405.328024564617,3.9082270464615605,174,21.76621107276181,In Stock,2025-06-20 06:28:37.212114,1099.4413604732085
PROD_0349,Nike Max 4,Home & Garden,Apple,41.96311131220223,4.128685052364984,418,0.5708991727036816,In Stock,2025-06-23 06:28:37.212214,41.723544256880146
PROD_0350,Apple Standard 7,Home & Garden,Dell,1412.6933099863295,4.268512568062341,888,26.71452759468379,In Stock,2025-06-16 06:28:37.212312,1035.2989658617796
PROD_0351,Samsung Standard 6,Sports,Dell,1602.006928709726,3.210828302874181,715,11.336369116498163,Out of Stock,2025-06-12 06:28:37.212411,1420.397509999316
PROD_0352,Adidas Plus 7,Clothing,Dell,1634.657462080411,3.006061845918935,839,12.523394939624948,In Stock,2025-07-04 06:28:37.212508,1429.942852194031
PROD_0353,Apple Ultra 3,Clothing,Adidas,1351.2996389269974,1.207343196478916,112,0.9897829173627193,In Stock,2025-07-02 06:28:37.212606,1337.924705938514
PROD_0354,Nike Plus 1,Electronics,Sony,1468.071110674658,2.6181095422954788,117,12.356577733069596,In Stock,2025-06-19 06:28:37.212707,1286.6677627074057
PROD_0355,Dell Pro 3,Sports,Nike,122.60545573196408,2.4956841880512544,451,49.102476850798126,In Stock,2025-06-30 06:28:37.213224,62.40314021336088
PROD_0356,HP Ultra 6,Sports,Dell,1980.8199461767601,2.301015623698208,830,21.6009463797253,Out of Stock,2025-06-11 06:28:37.213351,1552.9440917242148
PROD_0357,LG Standard 1,Clothing,LG,1100.0915418228058,4.915830028164416,680,36.89424924173031,In Stock,2025-06-28 06:28:37.213463,694.2210264955061
PROD_0358,Samsung Ultra 1,Home & Garden,HP,535.9097636856922,1.8213317548271992,344,37.00806843807315,In Stock,2025-06-13 06:28:37.213592,337.5799115745751
PROD_0359,Apple Max 7,Books,Sony,1851.789193625243,1.2733364193824168,552,4.603349304123771,In Stock,2025-06-17 06:28:37.213702,1766.5448686666562
PROD_0360,Nike Max 5,Clothing,LG,1930.380585214399,2.00357218276441,777,22.534323746945656,In Stock,2025-07-01 06:28:37.213857,1495.382374594002
PROD_0361,Samsung Ultra 4,Books,Adidas,14.016850318985494,1.696326701245717,594,5.295290220187882,In Stock,2025-06-22 06:28:37.214005,13.27461741486588
PROD_0362,Nike Ultra 5,Books,Dell,1179.2958835077097,3.8045583776698946,24,2.524447220620396,In Stock,2025-06-24 06:28:37.214120,1149.5251813536086
PROD_0363,Adidas Pro 9,Home & Garden,Nike,1915.5862200167965,2.596141270569739,236,30.862451042436284,In Stock,2025-07-01 06:28:37.214228,1324.389360688457
PROD_0364,Dell Pro 2,Books,LG,660.8188418621173,4.560228101861011,340,45.727433192427945,In Stock,2025-06-22 06:28:37.214338,358.6433474266415
PROD_0365,Adidas Standard 9,Books,Apple,1992.561950184505,1.9166878048566485,42,31.884412344796775,In Stock,2025-06-17 06:28:37.214450,1357.2452817621534
PROD_0366,Sony Pro 5,Home & Garden,HP,68.7130697389598,2.4238841299535774,365,13.540316401848628,In Stock,2025-06-29 06:28:37.214563,59.409102686881745
PROD_0367,Nike Standard 2,Books,LG,1217.3961321876984,3.691486674392319,337,18.61001959126096,In Stock,2025-06-19 06:28:37.214671,990.8384734843146
PROD_0368,LG Ultra 4,Books,HP,1093.0653925662584,1.8011280714705036,969,25.680552327216226,In Stock,2025-06-10 06:28:37.214781,812.360162457589
PROD_0369,LG Ultra 1,Electronics,Sony,1173.0533304172777,3.1533277730228537,368,43.25966736989055,Out of Stock,2025-07-02 06:28:37.215199,665.5943616073403
PROD_0370,Samsung Max 8,Books,Sony,828.5655383332963,4.4948916807289,122,35.27304151417432,In Stock,2025-07-03 06:28:37.215330,536.3052720248508
PROD_0371,Apple Plus 5,Home & Garden,Apple,1651.2390423205452,2.1695324416487725,138,29.94227000397195,In Stock,2025-06-15 06:28:37.215447,1156.820589857927
PROD_0372,Dell Standard 6,Home & Garden,Adidas,219.73250403453238,4.057762912302017,973,0.5746236649057657,In Stock,2025-07-01 06:28:37.215558,218.46986906685993
PROD_0373,LG Standard 5,Electronics,Apple,1885.6373019650323,3.987106558134872,962,40.70628427955809,In Stock,2025-07-04 06:28:37.215663,1118.064421345757
PROD_0374,Adidas Standard 1,Home & Garden,Adidas,507.41432333126625,3.0600226388388925,534,12.744112445744115,In Stock,2025-06-11 06:28:37.215922,442.74887140011805
PROD_0375,Adidas Pro 7,Sports,Adidas,1268.1110295303586,2.49408070759875,313,47.056040626683675,Out of Stock,2025-06-16 06:28:37.216068,671.3881882830965
PROD_0376,Sony Pro 6,Books,Sony,1011.2336203775646,1.7754522717475707,629,39.72428168242453,Out of Stock,2025-06-25 06:28:37.216176,609.5283285514013
PROD_0377,HP Ultra 9,Electronics,Sony,923.7865751277981,2.644374435521759,671,34.69747952550784,In Stock,2025-06-14 06:28:37.216280,603.2559173634403
PROD_0378,Sony Pro 7,Sports,Apple,1068.4592672249532,4.157728776780765,605,8.068140052769184,In Stock,2025-06-20 06:28:37.216384,982.2544771384526
PROD_0379,LG Ultra 3,Clothing,Apple,1272.9321204098871,3.328575230311194,673,25.961228539010257,In Stock,2025-06-23 06:28:37.216489,942.4633034838071
PROD_0380,HP Ultra 6,Home & Garden,Dell,1236.437966992191,3.2275137726883836,174,37.69325369184625,Out of Stock,2025-07-04 06:28:37.216595,770.3842673515181
PROD_0381,Apple Max 1,Sports,Apple,661.8288087084635,3.186741020397155,896,31.57094606091882,In Stock,2025-06-24 06:28:37.216698,452.88319249549295
PROD_0382,Dell Pro 5,Sports,Sony,883.8001748491487,4.921742281081487,16,10.31260569180763,In Stock,2025-06-20 06:28:37.216888,792.6573477134496
PROD_0383,Nike Max 1,Sports,Samsung,46.06684168100217,4.171032454291251,536,33.66232196772658,In Stock,2025-06-08 06:28:37.216993,30.55967311398035
PROD_0384,Sony Ultra 9,Home & Garden,Samsung,1075.9566327016814,4.344470812828995,504,43.7085341078513,In Stock,2025-06-25 06:28:37.217098,605.6717609115788
PROD_0385,Nike Pro 7,Sports,Nike,1642.9915277764073,2.6182746256160696,782,23.315487807008505,In Stock,2025-06-07 06:28:37.217200,1259.9200384475164
PROD_0386,Samsung Max 3,Clothing,Dell,93.55100353008058,2.91704035965815,750,27.088048213378162,Out of Stock,2025-06-09 06:28:37.217313,68.20986258975324
PROD_0387,Adidas Pro 1,Sports,Apple,757.1831676483357,4.2152581807737874,334,11.577421798252441,Out of Stock,2025-06-27 06:28:37.217414,669.520878544319
PROD_0388,Sony Ultra 3,Books,LG,1461.1771383981495,3.433635743520071,950,18.47870997133866,In Stock,2025-06-17 06:28:37.217517,1191.1704528260498
PROD_0389,Nike Max 2,Electronics,Samsung,20.573816580008433,4.21797856972729,316,5.183929036713825,In Stock,2025-07-03 06:28:37.217621,19.507284528357133
PROD_0390,Dell Pro 5,Sports,LG,1607.974123196096,3.0720322656184993,720,0.7314129438837857,In Stock,2025-06-25 06:28:37.217732,1596.2131923247377
PROD_0391,Sony Ultra 7,Home & Garden,Samsung,700.4556928717712,2.5630206093185484,441,45.411424435016144,In Stock,2025-07-04 06:28:37.218266,382.36878520253805
PROD_0392,Sony Max 4,Clothing,Sony,1087.876372251352,4.0330691682242366,843,23.696061005805134,In Stock,2025-06-15 06:28:37.218401,830.0925234149319
PROD_0393,Dell Ultra 9,Sports,Nike,1724.4122773815182,4.474558559293703,649,25.352982336935913,In Stock,2025-06-20 06:28:37.218525,1287.2223372810274
PROD_0394,Apple Max 2,Home & Garden,Nike,1645.443583704865,3.6380430745630807,735,21.554343131164472,In Stock,2025-06-12 06:28:37.218634,1290.7790276433889
PROD_0395,HP Ultra 6,Books,LG,457.8333335800355,3.114897676393743,991,9.546329253582176,In Stock,2025-06-24 06:28:37.219203,414.1270561238341
PROD_0396,Nike Plus 7,Clothing,HP,1555.813061980382,4.286591731847085,479,38.042566546539085,In Stock,2025-06-17 06:28:37.219332,963.9418425367478
PROD_0397,Apple Standard 4,Home & Garden,Samsung,870.3689905426611,1.1245963711735643,574,13.200217497973293,In Stock,2025-07-04 06:28:37.219439,755.4783907561152
PROD_0398,HP Standard 8,Clothing,Dell,652.8244180506468,4.591676747830663,698,25.71005200046696,In Stock,2025-06-30 06:28:37.219543,484.9829206980797
PROD_0399,Dell Standard 6,Clothing,Apple,1498.5294253790928,4.250854479572248,892,3.3627956983683926,In Stock,2025-06-17 06:28:37.219645,1448.1369423236602
PROD_0400,Adidas Ultra 3,Sports,Nike,490.578005661167,1.1614033074387988,252,15.905222345173604,Out of Stock,2025-06-26 06:28:37.219759,412.5504830842401
PROD_0401,Nike Standard 3,Books,LG,632.4281985286045,3.617368021970879,802,0.7871456497838492,In Stock,2025-06-13 06:28:37.219881,627.4500674758802
PROD_0402,Apple Pro 4,Books,Apple,1131.1567479181538,3.4984561924581263,852,20.116747761866637,In Stock,2025-07-03 06:28:37.220002,903.6047981481252
PROD_0403,Sony Standard 3,Books,Apple,1417.720030065526,2.556921886767154,275,28.474224208612693,Out of Stock,2025-06-26 06:28:37.220104,1014.0352500542568
PROD_0404,LG Max 7,Home & Garden,Sony,1269.814580464031,2.8771409093031615,660,49.05589539339679,In Stock,2025-06-20 06:28:37.220208,646.8956681814957
PROD_0405,Apple Plus 6,Electronics,LG,116.16251400790641,2.8190573702106443,913,18.121566130791457,Out of Stock,2025-06-13 06:28:37.220311,95.11204721277376
PROD_0406,HP Ultra 5,Home & Garden,Sony,118.23758955939925,3.577026894603246,856,32.43194783844078,In Stock,2025-06-18 06:28:37.220419,79.8908361880652
PROD_0407,Samsung Plus 1,Home & Garden,LG,915.7922635499763,3.6710423664126117,92,47.43721975748555,In Stock,2025-06-19 06:28:37.220526,481.3658749677228
PROD_0408,Dell Pro 7,Books,Nike,912.6222098464399,2.819489771211473,531,48.046007346441236,In Stock,2025-06-13 06:28:37.220627,474.14367585836493
PROD_0409,Apple Standard 2,Sports,Samsung,561.2549234086978,4.685230048851902,537,37.028236162975496,In Stock,2025-06-26 06:28:37.220734,353.43212489259787
PROD_0410,LG Plus 8,Sports,Dell,469.2813613137982,4.662688929046599,339,44.04865028198287,Out of Stock,2025-06-07 06:28:37.220852,262.56925563015477
PROD_0411,Nike Standard 8,Books,Sony,1602.1461298329673,4.5383331716847515,72,49.86189499518014,In Stock,2025-06-27 06:28:37.220953,803.2857089063106
PROD_0412,Samsung Pro 8,Sports,LG,264.59447977844854,2.390028329700724,308,48.76715667395353,Out of Stock,2025-06-27 06:28:37.221060,135.55927527426027
PROD_0413,LG Standard 3,Books,Apple,151.35942919756422,1.8431724062001145,801,23.74754826318741,In Stock,2025-06-13 06:28:37.221165,115.41527569798768
PROD_0414,Apple Plus 5,Home & Garden,Nike,1970.754626251698,1.664087294571443,583,21.987024325395428,In Stock,2025-06-29 06:28:37.221265,1537.4443271838813
PROD_0415,Nike Standard 8,Home & Garden,Apple,520.3614914233642,2.421278993895551,636,15.123951458396329,Out of Stock,2025-06-11 06:28:37.221365,441.6622720523074
PROD_0416,LG Plus 2,Clothing,HP,611.8148274442874,3.2536334579354165,95,7.799043184946658,In Stock,2025-06-27 06:28:37.221466,564.0991248400005
PROD_0417,Dell Ultra 7,Electronics,Samsung,924.5722738551099,2.2258538721712813,824,35.75932273901206,In Stock,2025-07-05 06:28:37.221567,593.9514904918387
PROD_0418,Samsung Standard 9,Clothing,Nike,1983.6280331487064,3.6568068522871426,105,15.693774836123525,In Stock,2025-06-30 06:28:37.221669,1672.3219160401227
PROD_0419,Sony Pro 9,Home & Garden,Apple,398.3813692651143,2.957570149626355,719,32.8027510987852,In Stock,2025-07-01 06:28:37.221782,267.7013202811465
PROD_0420,Nike Plus 7,Electronics,Nike,1601.438648101252,1.4929303028652994,806,22.69949555998495,In Stock,2025-06-07 06:28:37.221969,1237.9201532796253
PROD_0421,Dell Standard 1,Electronics,Sony,1025.1952771080832,3.9449592405353324,187,24.48122310251224,In Stock,2025-07-03 06:28:37.222082,774.2149340828348
PROD_0422,Adidas Pro 6,Home & Garden,Sony,564.4996955989225,1.874839201294333,236,20.32783919040521,Out of Stock,2025-06-08 06:28:37.222186,449.7491052472466
PROD_0423,LG Pro 6,Books,Apple,741.1075501071703,1.348068873211155,176,36.47318849158319,In Stock,2025-07-02 06:28:37.222288,470.80199643122774
PROD_0424,LG Plus 9,Electronics,HP,444.2329937588228,4.49628709322074,486,29.446653747278205,In Stock,2025-06-24 06:28:37.222397,313.42124225549423
PROD_0425,HP Max 2,Electronics,Adidas,759.2952727007037,1.928222958804624,931,22.916179729378772,In Stock,2025-06-20 06:28:37.222499,585.2938033319338
PROD_0426,Dell Max 8,Clothing,Nike,89.71764691088201,2.1658436539751755,775,46.226123436594996,In Stock,2025-06-24 06:28:37.222601,48.24465670544923
PROD_0427,HP Standard 1,Home & Garden,Samsung,1407.951799761053,3.461014613129656,757,21.499260706052986,In Stock,2025-06-30 06:28:37.222898,1105.2525717148592
PROD_0428,Sony Max 2,Sports,Nike,70.62273575483064,1.8177934898570922,566,32.330022197433095,In Stock,2025-06-22 06:28:37.223008,47.79038960885938
PROD_0429,Samsung Plus 5,Home & Garden,LG,1106.8083242135804,2.752714452993378,693,49.819914683952774,In Stock,2025-06-26 06:28:37.223112,555.3973613754872
PROD_0430,Apple Pro 1,Sports,LG,1830.7820715051575,1.7565564000919385,666,8.6748025177511,In Stock,2025-06-29 06:28:37.223214,1671.9653422716924
PROD_0431,Apple Ultra 7,Books,HP,1547.8151251335075,1.9477332996265946,732,42.82467013812868,Out of Stock,2025-06-13 06:28:37.223314,884.9684034470193
PROD_0432,LG Max 6,Sports,Sony,1655.4485363357787,3.0989425506457287,232,14.140056533524985,In Stock,2025-06-13 06:28:37.223418,1421.3671774144875
PROD_0433,Samsung Standard 3,Clothing,HP,92.5833426943281,3.54837880329777,272,32.66917492393403,In Stock,2025-06-09 06:28:37.223522,62.33712851909275
PROD_0434,Apple Standard 3,Home & Garden,Adidas,707.3223675202928,4.65172401909876,675,48.1680160223019,In Stock,2025-06-20 06:28:37.223622,366.6192162037931
PROD_0435,Samsung Plus 7,Home & Garden,LG,1591.016827528477,2.1125166219464497,749,3.9469701473277774,In Stock,2025-07-06 06:28:37.223880,1528.2198683069666
PROD_0436,Apple Max 8,Electronics,HP,1969.843030494517,4.755985688343911,369,46.4315281057697,In Stock,2025-06-28 06:28:37.224108,1055.21481015091
PROD_0437,HP Plus 8,Sports,Samsung,1827.333034038698,1.7575736715393844,919,23.548012621736675,In Stock,2025-06-11 06:28:37.224240,1397.0324205421018
PROD_0438,Adidas Max 3,Books,Dell,1636.6416161391576,4.028192458794502,463,39.21030871826334,In Stock,2025-06-28 06:28:37.224360,994.9093858394194
PROD_0439,Sony Plus 2,Clothing,Adidas,1517.354246446928,2.1802893970572375,687,34.55279063696309,In Stock,2025-06-12 06:28:37.224475,993.0660104510522
PROD_0440,Apple Ultra 5,Electronics,Adidas,1663.5888503995861,1.4795643738908484,445,24.290871445631574,In Stock,2025-06-08 06:28:37.224595,1259.4886213651623
PROD_0441,HP Max 4,Electronics,Sony,1171.3740236461185,2.560480938753357,69,45.12065166430517,In Stock,2025-06-22 06:28:37.224719,642.8424307505977
PROD_0442,HP Plus 2,Sports,Adidas,1747.308594119135,3.092572082788661,191,44.919323329201745,In Stock,2025-06-12 06:28:37.225395,962.4293971678314
PROD_0443,Adidas Pro 8,Books,Sony,1562.1767705519833,1.3949488275306634,692,23.199084908344368,In Stock,2025-06-24 06:28:37.225592,1199.7660551331967
PROD_0444,LG Standard 5,Electronics,Nike,1193.7462852088001,3.9554667085321307,699,30.847201369225097,Out of Stock,2025-06-25 06:28:37.226099,825.5089647727974
PROD_0445,Adidas Max 8,Sports,Sony,1639.2930566732612,4.934268826054652,456,1.5889242178662222,In Stock,2025-06-13 06:28:37.226434,1613.24593229398
PROD_0446,HP Max 7,Home & Garden,Samsung,1387.1023993338429,2.8317159777361116,551,49.47158828898158,In Stock,2025-06-12 06:28:37.226588,700.880811188819
PROD_0447,HP Max 6,Clothing,Sony,1492.9071957855326,1.3057594441577907,610,17.54095546675078,In Stock,2025-06-22 06:28:37.226714,1231.0370094128743
PROD_0448,Samsung Pro 6,Clothing,Sony,178.5298003318606,2.8667724835376336,589,45.644622236828766,In Stock,2025-06-23 06:28:37.226862,97.04054739021815
PROD_0449,HP Standard 6,Sports,Nike,1565.1962390069425,2.103029617765125,674,0.8378152246191206,In Stock,2025-06-11 06:28:37.227159,1552.0827866213765
PROD_0450,Samsung Pro 2,Clothing,HP,956.4364217257965,2.630992420010929,709,32.70800771430492,In Stock,2025-07-03 06:28:37.227322,643.605123125301
PROD_0451,Samsung Pro 7,Home & Garden,HP,1029.4776903052903,4.094288406922882,750,33.08888662358193,In Stock,2025-06-18 06:28:37.227438,688.8349845451029
PROD_0452,Adidas Plus 3,Clothing,Dell,103.10383149381936,2.27860822116825,380,18.672897256635263,In Stock,2025-07-06 06:28:37.227558,83.85135897132412
PROD_0453,Nike Plus 6,Clothing,Dell,1319.7380503521713,1.2804325585650278,750,14.400267296202058,In Stock,2025-06-21 06:28:37.227668,1129.692243491773
PROD_0454,Adidas Plus 2,Books,LG,642.2124481188528,4.874698422297429,158,47.90590044597169,In Stock,2025-06-29 06:28:37.227884,334.5547920713975
PROD_0455,HP Plus 3,Clothing,Sony,1263.3431023250682,2.612842532735291,457,15.74129146758244,In Stock,2025-06-16 06:28:37.227999,1064.476582352481
PROD_0456,Sony Plus 2,Books,LG,301.40815063960406,4.331718862296912,901,47.15874114806425,In Stock,2025-06-25 06:28:37.228226,159.2678610803056
PROD_0457,Adidas Standard 7,Clothing,Apple,506.51112856865615,3.1898859594492746,456,15.4234140744742,In Stock,2025-06-21 06:28:37.228416,428.3898198762199
PROD_0458,Dell Ultra 3,Clothing,Nike,1428.5635317633005,3.7867804457469942,958,19.75776487361525,In Stock,2025-07-02 06:28:37.228541,1146.3113080872938
PROD_0459,Dell Ultra 6,Electronics,Adidas,770.6819814351421,3.4773738165476455,972,49.51661518968242,In Stock,2025-06-09 06:28:37.228653,389.06635035168307
PROD_0460,Adidas Pro 2,Electronics,Nike,1877.6742691115296,1.7247331162003312,82,44.35596586118492,In Stock,2025-06-17 06:28:37.228779,1044.813711320166
PROD_0461,Dell Pro 2,Sports,Dell,842.1081284439713,4.0291319131020025,717,36.21162738059746,In Stock,2025-06-07 06:28:37.228939,537.1670708301173
PROD_0462,HP Pro 9,Books,Adidas,677.8903132260443,1.3072297642771251,458,1.185387682225919,Out of Stock,2025-06-24 06:28:37.229090,669.8546849540602
PROD_0463,HP Pro 2,Home & Garden,Samsung,845.0584917855525,1.2024898890762965,330,21.00020370407025,In Stock,2025-07-04 06:28:37.229195,667.5944870920428
PROD_0464,Sony Ultra 6,Electronics,Adidas,634.2759589836098,1.9914934349136946,297,29.417611049157667,In Stock,2025-06-30 06:28:37.229313,447.6871243914967
PROD_0465,LG Max 8,Home & Garden,Adidas,826.8866301805036,1.653346592356229,62,11.215927942676313,In Stock,2025-06-16 06:28:37.229423,734.1436215718339
PROD_0466,Dell Standard 4,Home & Garden,LG,681.5340151388157,4.482753821829757,925,13.987298388453551,In Stock,2025-06-30 06:28:37.229533,586.2058188225413
PROD_0467,Sony Plus 5,Sports,Nike,973.93845934569,3.775222227869647,435,8.068367919419156,In Stock,2025-07-02 06:28:37.229644,895.3575211369572
PROD_0468,Nike Plus 4,Electronics,LG,699.6519320349297,2.630863082660901,223,33.98486084166726,In Stock,2025-07-03 06:28:37.229755,461.87619655682244
PROD_0469,LG Standard 3,Clothing,Sony,500.57461221958613,4.904130794400816,867,44.30430544067582,Out of Stock,2025-07-03 06:28:37.229882,278.79850706334213
PROD_0470,Samsung Ultra 3,Home & Garden,HP,1583.1358154406303,1.5644303760854044,287,41.21752236246748,In Stock,2025-06-17 06:28:37.230020,930.6064566831567
PROD_0471,HP Ultra 5,Clothing,Adidas,548.5814445437137,1.3249185392266907,809,22.22641265250798,In Stock,2025-07-03 06:28:37.230131,426.6514689443387
PROD_0472,Nike Max 3,Electronics,Sony,1733.542075301891,2.1577580864779518,180,38.400271765660484,In Stock,2025-06-27 06:28:37.230246,1067.8572072138943
PROD_0473,Apple Max 8,Electronics,Dell,1702.643310750081,1.8061135120252514,244,21.481143194842208,In Stock,2025-06-26 06:28:37.230354,1336.8960630704537
PROD_0474,HP Standard 4,Clothing,HP,1638.577045311275,1.160555436341466,224,24.611615759120415,In Stock,2025-06-22 06:28:37.230469,1235.2967590021158
PROD_0475,Adidas Standard 7,Clothing,Apple,1732.4691425126848,1.4113703686299068,409,14.391564942580292,In Stock,2025-06-26 06:28:37.230584,1483.139720757808
PROD_0476,Sony Ultra 3,Clothing,Nike,1192.5412363441085,3.412600480491788,655,0.2702461836334935,In Stock,2025-06-17 06:28:37.230694,1189.3184391646328
PROD_0477,LG Plus 9,Sports,Apple,1387.7850692472841,1.9333312905973066,844,33.05703392143482,In Stock,2025-06-22 06:28:37.230825,929.0244881496017
PROD_0478,Sony Standard 6,Electronics,Adidas,1405.7527382637834,1.453763268415667,335,17.065932297502606,In Stock,2025-07-05 06:28:37.230941,1165.847927681397
PROD_0479,Adidas Pro 9,Clothing,Dell,1615.4475519403609,4.368062646026976,38,31.56876630241255,In Stock,2025-06-09 06:28:37.231263,1105.4706895302638
PROD_0480,Adidas Ultra 2,Electronics,LG,801.7895093584758,4.223915603470335,612,28.844060065560424,In Stock,2025-06-13 06:28:37.231394,570.5208616797548
PROD_0481,Sony Max 5,Clothing,Dell,688.507557156761,4.669072266310723,331,7.5343743500416895,Out of Stock,2025-06-24 06:28:37.231509,636.6328203722434
PROD_0482,Adidas Standard 4,Electronics,Dell,1355.958525066721,3.7185327295805743,529,29.05977118604783,In Stock,2025-06-24 06:28:37.231646,961.9200803046228
PROD_0483,Nike Ultra 5,Home & Garden,Sony,1271.0860835334029,3.3738455308188953,990,2.123495462826658,In Stock,2025-06-20 06:28:37.231774,1244.09462822095
PROD_0484,Sony Standard 7,Home & Garden,Samsung,1664.721482893325,4.673590168326232,609,15.913102069286294,Out of Stock,2025-06-14 06:28:37.231918,1399.8126541511738
PROD_0485,Dell Ultra 1,Sports,HP,652.2258797260105,3.217426724865476,109,0.644873489476272,In Stock,2025-06-29 06:28:37.232027,648.0198479361541
PROD_0486,Sony Ultra 4,Books,Sony,1033.7780422023893,1.3402255419569644,408,19.202131919555022,In Stock,2025-07-02 06:28:37.232138,835.2706187832933
PROD_0487,Adidas Ultra 9,Electronics,Adidas,284.65081916990295,1.3241544418602271,934,49.366807928977295,In Stock,2025-06-08 06:28:37.232252,144.12779600203646
PROD_0488,LG Max 3,Home & Garden,LG,932.9903569580831,2.2801092662495677,436,15.287197872364555,In Stock,2025-06-08 06:28:37.232361,790.3622749598205
PROD_0489,Adidas Standard 3,Electronics,Nike,1479.6266982359323,3.6664683395174893,363,34.67110640281545,In Stock,2025-06-28 06:28:37.232500,966.623751326087
PROD_0490,HP Plus 3,Books,LG,194.07587149853794,4.121391450960634,908,1.2844822434704084,In Stock,2025-06-17 06:28:37.232611,191.58300139027878
PROD_0491,HP Standard 6,Books,Nike,459.8060616094176,3.2042038131797295,857,5.402227968820355,In Stock,2025-06-26 06:28:37.232742,434.9662899468223
PROD_0492,Sony Plus 9,Home & Garden,Dell,123.48355886720255,1.4219337098441427,779,23.70821481359932,In Stock,2025-06-26 06:28:37.232880,94.2078114714888
PROD_0493,Apple Max 6,Clothing,Nike,550.8551669994571,2.596667178044078,883,15.388545264657456,In Stock,2025-07-06 06:28:37.233211,466.0865702830412
PROD_0494,Nike Ultra 4,Books,HP,937.7013663438383,1.7597445458302436,665,38.52236105369949,In Stock,2025-06-18 06:28:37.233358,576.4766603953916
PROD_0495,Sony Standard 5,Electronics,Sony,1535.389359281038,3.8084298164551704,952,48.32737582760412,In Stock,2025-06-20 06:28:37.233478,793.3759732042478
PROD_0496,HP Max 6,Electronics,HP,1582.1295347041653,2.2719302053613397,746,48.466090614208944,In Stock,2025-06-15 06:28:37.233609,815.3332007802821
PROD_0497,Sony Ultra 1,Home & Garden,LG,332.2267831981053,3.632408872225968,272,5.3168648674113586,In Stock,2025-06-17 06:28:37.233721,314.56273408211433
PROD_0498,Sony Standard 8,Electronics,Nike,10.371191059619596,3.455917825093575,180,22.101671046556177,In Stock,2025-07-01 06:28:37.233869,8.07898452801263
PROD_0499,Dell Pro 7,Electronics,Apple,403.302048976349,1.7220729135696944,440,30.090336697272363,In Stock,2025-07-01 06:28:37.233977,281.9471045323673
PROD_0500,Nike Plus 1,Electronics,Adidas,789.5674766189336,1.6506432604219405,912,30.998428243708208,In Stock,2025-07-03 06:28:37.234089,544.8139689435559
